{
  "Type": "Accommodation",
  "Webpath": "the-darling",
  "ID": "9031703",
  "Name": "The Darling",
  "Description": "Sydney's newest five-star hotel, The Darling Hotel and Spa officially opened its doors in October 2011.<br\/><br\/>An integral part of the redevelopment and extension of The Star and located on the edge of Sydney Harbour. The Darling is the first new build five-star hotel to open in Sydney's central business district since the 2000 Olympic Games.<br\/><br\/>Featuring 171 stylish and spacious rooms and suites, an infinity pool and a luxury 16-room day spa, The Darling is also home to Sokyo, an exciting new contemporary Japanese restaurant and bar.",
  "Rating": "0.0",
  "Dest": "290",
  "Region": "Sydney",
  "Area": "Sydney City",
  "Town": "Pyrmont",
  "Kinds": {
    "Hotel and Motel": 1
  },
  "Images": [
    {
      "Full Size": "http://getconnected.dnsw.com.au/multimedia/ATDW_Large_Portrait__9155315_CB67_MLF11_Star_07168.jpg",
      "Thumb": "http://getconnected.dnsw.com.au/multimedia/GTOLandscape__9155315_CB67_MLF11_Star_07168.jpg",
      "Alt": "The Darling",
      "Modified": "2012-01-17 15:51:00"
    },
    {
      "Full Size": "http://getconnected.dnsw.com.au/multimedia/GTOPromo__9155320_CB67_MLF11_Star_07335.jpg",
      "Thumb": "http://getconnected.dnsw.com.au/multimedia/GTOLandscape__9155320_CB67_MLF11_Star_07335.jpg",
      "Alt": "The Darling lobby",
      "Modified": "2012-01-17 15:52:00"
    },
    {
      "Full Size": "http://getconnected.dnsw.com.au/multimedia/GTOPromo__9155327_CB67_MLF11_Star_00610a.jpg",
      "Thumb": "http://getconnected.dnsw.com.au/multimedia/GTOLandscape__9155327_CB67_MLF11_Star_00610a.jpg",
      "Alt": "Jewel Suite",
      "Modified": "2012-01-17 15:53:00"
    },
    {
      "Full Size": "http://getconnected.dnsw.com.au/multimedia/GTOPromo__9155334_CB67_MLF11_Star_03745.jpg",
      "Thumb": "http://getconnected.dnsw.com.au/multimedia/GTOLandscape__9155334_CB67_MLF11_Star_03745.jpg",
      "Alt": "Adored Suite",
      "Modified": "2012-01-17 15:53:00"
    },
    {
      "Full Size": "http://getconnected.dnsw.com.au/multimedia/GTOPromo__9155341_CB67_TheStar_5321.jpg",
      "Thumb": "http://getconnected.dnsw.com.au/multimedia/GTOLandscape__9155341_CB67_TheStar_5321.jpg",
      "Alt": "Stellar Suite",
      "Modified": "2012-01-17 15:54:00"
    },
    {
      "Full Size": "http://getconnected.dnsw.com.au/multimedia/GTOPromo__9155348_CB67_MLF11_Star_036592.jpg",
      "Thumb": "http://getconnected.dnsw.com.au/multimedia/GTOLandscape__9155348_CB67_MLF11_Star_036592.jpg",
      "Alt": "Darling Room",
      "Modified": "2012-01-17 15:54:00"
    },
    {
      "Full Size": "http://getconnected.dnsw.com.au/multimedia/GTOPromo__9155362_CB67_MLF11_Star_07126.jpg",
      "Thumb": "http://getconnected.dnsw.com.au/multimedia/GTOLandscape__9155362_CB67_MLF11_Star_07126.jpg",
      "Alt": "The Pool at The Darling",
      "Modified": "2012-01-17 15:56:00"
    },
    {
      "Full Size": "http://getconnected.dnsw.com.au/multimedia/GTOPromo__9155369_CB67_MLF11_Star_07524.jpg",
      "Thumb": "http://getconnected.dnsw.com.au/multimedia/GTOLandscape__9155369_CB67_MLF11_Star_07524.jpg",
      "Alt": "Sokyo, Japanese restaurant",
      "Modified": "2012-01-17 15:57:00"
    },
    {
      "Full Size": "http://getconnected.dnsw.com.au/multimedia/GTOPromo__9155376_CB67_MLF11_Star_2407.jpg",
      "Thumb": "http://getconnected.dnsw.com.au/multimedia/GTOLandscape__9155376_CB67_MLF11_Star_2407.jpg",
      "Alt": "The Spa at The Darling",
      "Modified": "2012-01-17 15:57:00"
    },
    {
      "Full Size": "http://getconnected.dnsw.com.au/multimedia/darling.jpg",
      "Thumb": "http://getconnected.dnsw.com.au/multimedia/darling.jpg",
      "Alt": "The Darling",
      "Modified": "2012-01-17 16:13:00"
    }
  ],
  "Contact": {
    "Website": "http://www.thedarling.com.au",
    "Address": {
      "Street":"80 Pyrmont Street",
      "Suburb":"Pyrmont",
      "State":"NSW",
      "Postcode":"2009"
    },
    "Toll Free": "1800 800 830",
    "Phone": "(02) 9777 9000",
    "Mobile": "",
    "Book": "",
    "Email": "hello@thedarling.com.au",
    "Facebook": "http:\/\/www.facebook.com\/TheDarlingHotel",
    "Twitter": "http:\/\/www.twitter.com\/thestarsydney",
    "Latitude": "-33.868188483",
    "Longitude": "151.194534301"
  },
  "Facilities" : {
    "24 hour Reception": 1,
    "Bar": 1,
    "Cafe": 1,
    "Car park": 1,
    "Day Spa": 1,
    "Internet access ": 1,
    "Iron": 1,
    "Laundry": 1,
    "Linen": 1,
    "Masseur/Masseuse": 1,
    "Nightcall button": 1,
    "Non Smoking Establishment": 1,
    "Non Smoking Floor": 1,
    "Pay/Satellite TV": 1,
    "Public Telephone": 1,
    "Restaurant": 1,
    "Room Service": 1,
    "Sauna": 1,
    "Spa": 1,
    "Swimming Pool - Outdoor": 1,
    "Wellness Facility": 1
  },
  "Activities": {
    "Swimming": 1
  },
  "Rooms": {
    "Room": {
      "Name": "Darling Room",
      "Details": "Room Only. Rates are subject to change. Check website for more details and offers.<br\/>With a footprint of 35 square metres, the Darling rooms include all the features that are so &quot;Distinctively Darling&quot;.<br\/><br\/>Floor-to-Ceiling Glass<br\/><br\/>Rooms feature floor-to-ceiling glass and windows that open to showcase what are possibly the best views in Sydney.<br\/><br\/>The Darling Bed<br\/><br\/>Once you&#39;ve slept on a Darling bed, you&#39;ll be reluctant to leave it. Every one features a customised 1000 spring mattress, 400 thread count 100 per cent Egyptian cotton bed linen and a goose down comforter. A menu of 12 luxury pillows is offered for your comfort.<br\/><br\/>Control Four Integrated System<br\/><br\/>Complete control is at your fingertips. One touch of a button and you can do anything - from lower your blinds to adjust the air temperature.<br\/>Facilities: Air Conditioning, Blankets, Clock Radio, En suite, Refrigerator, Hairdryer, Heating, In-house movies, Internet Access, Broadband Internet Access, Iron\/Ironing board, Mini Bar, Non Smoking Room, Pay\/Satellite TV, Telephone, Tea\/Coffee making facilities, Television.",
      "Price From": "300",
      "Price To": "1540"
    }
  }
}