{
	"Page": {
		"Title" : "MY PAGE NAME",
		"Images": [
		    {
		      "Full Size": "http://getconnected.dnsw.com.au/multimedia/ATDW_Large_Portrait__9155315_CB67_MLF11_Star_07168.jpg",
		      "Thumb": "http://getconnected.dnsw.com.au/multimedia/GTOLandscape__9155315_CB67_MLF11_Star_07168.jpg",
		      "Alt": "The Darling",
		      "Modified": "2012-01-17 15:51:00"
		    },
		    {
		      "Full Size": "http://getconnected.dnsw.com.au/multimedia/GTOPromo__9155320_CB67_MLF11_Star_07335.jpg",
		      "Thumb": "http://getconnected.dnsw.com.au/multimedia/GTOLandscape__9155320_CB67_MLF11_Star_07335.jpg",
		      "Alt": "The Darling lobby",
		      "Modified": "2012-01-17 15:52:00"
		    }
  		],
  		"Content" : "INSERT HERE YOUR HTML CODE WITH SPECIAL CHARACTERS ESCAPED"
 	},
 	"Children" : [ 
	    {
	        "Page Name": "Lorem Ipsum",
	        "Page URL": "http://www.yourmmobilewebsiteurl.com.au/lorem-ipsum"
	    },
	    {
	        "Page Name": "Lorem Ipsum",
	        "Page URL": "http://www.yourmmobilewebsiteurl.com.au/lorem-ipsum"
	    },
	    {
	        "Page Name": "Lorem Ipsum",
	        "Page URL": "http://www.yourmmobilewebsiteurl.com.au/lorem-ipsum"
	    },
	    {
	        "Page Name": "Lorem Ipsum",
	        "Page URL": "http://www.yourmmobilewebsiteurl.com.au/lorem-ipsum"
	    },
	    {
	        "Page Name": "Lorem Ipsum",
	        "Page URL": "http://www.yourmmobilewebsiteurl.com.au/lorem-ipsum"
	    }
	]
}


